ID,Language_ID,Parameter_ID,Value,Code_ID,Comment,Source
Xam-sortalclassifier,Xam,sortalclassifier,no,,,Bleek-1928
Xam-morphosyntacticplural,Xam,morphosyntacticplural,no,,,Bleek-1928
Abkhaz-sortalclassifier,Abkhaz,sortalclassifier,no,,,Hewitt-1989d
Abkhaz-morphosyntacticplural,Abkhaz,morphosyntacticplural,no,,,Hewitt-1989d
Abun-sortalclassifier,Abun,sortalclassifier,yes,,,Berry-and-Berry-1999
Abun-morphosyntacticplural,Abun,morphosyntacticplural,yes,,,Berry-and-Berry-1999
Acoma-sortalclassifier,Acoma,sortalclassifier,no,,,Miller-1966
Acoma-morphosyntacticplural,Acoma,morphosyntacticplural,no,,,Miller-1966
Ainu-sortalclassifier,Ainu,sortalclassifier,yes,,,Refsing-1986
Ainu-morphosyntacticplural,Ainu,morphosyntacticplural,yes,,,Refsing-1986
Alagwa-sortalclassifier,Alagwa,sortalclassifier,no,,,mous_alagwa_2016
Alagwa-morphosyntacticplural,Alagwa,morphosyntacticplural,no,,,mous_alagwa_2016
Alamblak-sortalclassifier,Alamblak,sortalclassifier,no,,,Bruce-1984
Alamblak-morphosyntacticplural,Alamblak,morphosyntacticplural,no,,,Bruce-1984
Albanian-sortalclassifier,Albanian,sortalclassifier,no,,,Camaj-1984
Albanian-morphosyntacticplural,Albanian,morphosyntacticplural,no,,,Camaj-1984
Alune-sortalclassifier,Alune,sortalclassifier,no,,,Makaruku-et-al-1997
Alune-morphosyntacticplural,Alune,morphosyntacticplural,no,,,Makaruku-et-al-1997
Amarakaeri-sortalclassifier,Amarakaeri,sortalclassifier,no,,,Helberg-Chavez-1984
Amarakaeri-morphosyntacticplural,Amarakaeri,morphosyntacticplural,no,,,Helberg-Chavez-1984
AmbaeLolovoliNortheast-sortalclassifier,AmbaeLolovoliNortheast,sortalclassifier,no,,,Hyslop-2001
AmbaeLolovoliNortheast-morphosyntacticplural,AmbaeLolovoliNortheast,morphosyntacticplural,no,,,Hyslop-2001
Ambulas-sortalclassifier,Ambulas,sortalclassifier,no,,,Wilson-1980
Ambulas-morphosyntacticplural,Ambulas,morphosyntacticplural,no,,,Wilson-1980
Amele-sortalclassifier,Amele,sortalclassifier,no,,,Roberts-1987
Amele-morphosyntacticplural,Amele,morphosyntacticplural,no,,,Roberts-1987
Amharic-sortalclassifier,Amharic,sortalclassifier,no,,,Leslau-1997b
Amharic-morphosyntacticplural,Amharic,morphosyntacticplural,no,,,Leslau-1997b
Amis-sortalclassifier,Amis,sortalclassifier,yes,,,Wu-2006
Amis-morphosyntacticplural,Amis,morphosyntacticplural,yes,,,Wu-2006
Apurina-sortalclassifier,Apurina,sortalclassifier,no,,,pickering_apurina_2009
Apurina-morphosyntacticplural,Apurina,morphosyntacticplural,no,,,pickering_apurina_2009
Arabela-sortalclassifier,Arabela,sortalclassifier,no,,,Waterhouse-1963
Arabela-morphosyntacticplural,Arabela,morphosyntacticplural,no,,,Waterhouse-1963
ArabicEgyptian-sortalclassifier,ArabicEgyptian,sortalclassifier,no,,,Brustad-2000
ArabicEgyptian-morphosyntacticplural,ArabicEgyptian,morphosyntacticplural,no,,,Brustad-2000
ArabicKormakiti-sortalclassifier,ArabicKormakiti,sortalclassifier,no,,,Brustad-2000
ArabicKormakiti-morphosyntacticplural,ArabicKormakiti,morphosyntacticplural,no,,,Brustad-2000
ArabicMoroccan-sortalclassifier,ArabicMoroccan,sortalclassifier,no,,,Harrell-et-al-1965
ArabicMoroccan-morphosyntacticplural,ArabicMoroccan,morphosyntacticplural,no,,,Harrell-et-al-1965
Arawak-sortalclassifier,Arawak,sortalclassifier,no,,,Facundes-2000
Arawak-morphosyntacticplural,Arawak,morphosyntacticplural,no,,,Facundes-2000
Arbore-sortalclassifier,Arbore,sortalclassifier,no,,,Hayward-1984
Arbore-morphosyntacticplural,Arbore,morphosyntacticplural,no,,,Hayward-1984
ArmenianEastern-sortalclassifier,ArmenianEastern,sortalclassifier,no,,,Fairbanks-1958
ArmenianEastern-morphosyntacticplural,ArmenianEastern,morphosyntacticplural,no,,,Fairbanks-1958
ArmenianIranian-sortalclassifier,ArmenianIranian,sortalclassifier,yes,,,Greppin-2001
ArmenianIranian-morphosyntacticplural,ArmenianIranian,morphosyntacticplural,yes,,,Greppin-2001
Arosi-sortalclassifier,Arosi,sortalclassifier,no,,,Capell-1971
Arosi-morphosyntacticplural,Arosi,morphosyntacticplural,no,,,Capell-1971
Assamese-sortalclassifier,Assamese,sortalclassifier,yes,,,Goswami-1970
Assamese-morphosyntacticplural,Assamese,morphosyntacticplural,yes,,,Goswami-1970
Atakapa-sortalclassifier,Atakapa,sortalclassifier,no,,,Swanton-1929
Atakapa-morphosyntacticplural,Atakapa,morphosyntacticplural,no,,,Swanton-1929
Atayal-sortalclassifier,Atayal,sortalclassifier,no,,,Rau-1992
Atayal-morphosyntacticplural,Atayal,morphosyntacticplural,no,,,Rau-1992
Athpare-sortalclassifier,Athpare,sortalclassifier,yes,,,Noonan-2003a
Athpare-morphosyntacticplural,Athpare,morphosyntacticplural,yes,,,Noonan-2003a
Avar-sortalclassifier,Avar,sortalclassifier,no,,,Kazenin-1993
Avar-morphosyntacticplural,Avar,morphosyntacticplural,no,,,Kazenin-1993
Awtuw-sortalclassifier,Awtuw,sortalclassifier,no,,,Feldman-1986
Awtuw-morphosyntacticplural,Awtuw,morphosyntacticplural,no,,,Feldman-1986
Azerbaijani-sortalclassifier,Azerbaijani,sortalclassifier,yes,,,Householder-and-Lofti-1965
Azerbaijani-morphosyntacticplural,Azerbaijani,morphosyntacticplural,yes,,,Householder-and-Lofti-1965
Bagvalal-sortalclassifier,Bagvalal,sortalclassifier,no,,,Kibrik-2001
Bagvalal-morphosyntacticplural,Bagvalal,morphosyntacticplural,no,,,Kibrik-2001
BajauSemporna-sortalclassifier,BajauSemporna,sortalclassifier,yes,,,Donohue-1996
BajauSemporna-morphosyntacticplural,BajauSemporna,morphosyntacticplural,yes,,,Donohue-1996
Balinese-sortalclassifier,Balinese,sortalclassifier,yes,,,Barber-1977
Balinese-morphosyntacticplural,Balinese,morphosyntacticplural,yes,,,Barber-1977
Baniwa-sortalclassifier,Baniwa,sortalclassifier,yes,,,Aikhenvald-1998
Baniwa-morphosyntacticplural,Baniwa,morphosyntacticplural,yes,,,Aikhenvald-1998
Baragaunle-sortalclassifier,Baragaunle,sortalclassifier,no,,,Kretschmar-1995
Baragaunle-morphosyntacticplural,Baragaunle,morphosyntacticplural,no,,,Kretschmar-1995
Bare-sortalclassifier,Bare,sortalclassifier,no,,,Chaffanjon-1889
Bare-morphosyntacticplural,Bare,morphosyntacticplural,no,,,Chaffanjon-1889
Basque-sortalclassifier,Basque,sortalclassifier,no,,,Hualde-and-Ortiz-de-Urbina-2003
Basque-morphosyntacticplural,Basque,morphosyntacticplural,no,,,Hualde-and-Ortiz-de-Urbina-2003
BatakKaro-sortalclassifier,BatakKaro,sortalclassifier,yes,,,Woollams-1996
BatakKaro-morphosyntacticplural,BatakKaro,morphosyntacticplural,yes,,,Woollams-1996
BegakIdaan-sortalclassifier,BegakIdaan,sortalclassifier,yes,,,Idaan-2005
BegakIdaan-morphosyntacticplural,BegakIdaan,morphosyntacticplural,yes,,,Idaan-2005
Belhare-sortalclassifier,Belhare,sortalclassifier,yes,,,Bickel-2003
Belhare-morphosyntacticplural,Belhare,morphosyntacticplural,yes,,,Bickel-2003
Bengali-sortalclassifier,Bengali,sortalclassifier,yes,,,Klaiman-1990
Bengali-morphosyntacticplural,Bengali,morphosyntacticplural,yes,,,Klaiman-1990
Biatah-sortalclassifier,Biatah,sortalclassifier,yes,,,Omar-1983
Biatah-morphosyntacticplural,Biatah,morphosyntacticplural,yes,,,Omar-1983
Boko-sortalclassifier,Boko,sortalclassifier,no,,,Jones-1998b
Boko-morphosyntacticplural,Boko,morphosyntacticplural,no,,,Jones-1998b
Bora-sortalclassifier,Bora,sortalclassifier,no,,,Thiesen-1996
Bora-morphosyntacticplural,Bora,morphosyntacticplural,no,,,Thiesen-1996
Brahui-sortalclassifier,Brahui,sortalclassifier,no,,,Bray-1909
Brahui-morphosyntacticplural,Brahui,morphosyntacticplural,no,,,Bray-1909
Bulgarian-sortalclassifier,Bulgarian,sortalclassifier,no,,,Scatton-1984
Bulgarian-morphosyntacticplural,Bulgarian,morphosyntacticplural,no,,,Scatton-1984
Buriat-sortalclassifier,Buriat,sortalclassifier,no,,,Poppe-1960
Buriat-morphosyntacticplural,Buriat,morphosyntacticplural,no,,,Poppe-1960
Burmese-sortalclassifier,Burmese,sortalclassifier,yes,,,Okell-1969
Burmese-morphosyntacticplural,Burmese,morphosyntacticplural,yes,,,Okell-1969
Burushaski-sortalclassifier,Burushaski,sortalclassifier,no,,,Lorimer-1935
Burushaski-morphosyntacticplural,Burushaski,morphosyntacticplural,no,,,Lorimer-1935
CanelaKrah-sortalclassifier,CanelaKrah,sortalclassifier,no,,,Popjes-and-Popjes-1986
CanelaKrah-morphosyntacticplural,CanelaKrah,morphosyntacticplural,no,,,Popjes-and-Popjes-1986
Cantonese-sortalclassifier,Cantonese,sortalclassifier,yes,,,Zee-1999
Cantonese-morphosyntacticplural,Cantonese,morphosyntacticplural,yes,,,Zee-1999
Capanahua-sortalclassifier,Capanahua,sortalclassifier,no,,,Loos-1969
Capanahua-morphosyntacticplural,Capanahua,morphosyntacticplural,no,,,Loos-1969
Carrier-sortalclassifier,Carrier,sortalclassifier,no,,,Morice-1932
Carrier-morphosyntacticplural,Carrier,morphosyntacticplural,no,,,Morice-1932
Cayuvava-sortalclassifier,Cayuvava,sortalclassifier,no,,,Key-1967
Cayuvava-morphosyntacticplural,Cayuvava,morphosyntacticplural,no,,,Key-1967
ChamEastern-sortalclassifier,ChamEastern,sortalclassifier,yes,,,Alieva-and-Bui-Khanh-The-1999
ChamEastern-morphosyntacticplural,ChamEastern,morphosyntacticplural,yes,,,Alieva-and-Bui-Khanh-The-1999
ChamWestern-sortalclassifier,ChamWestern,sortalclassifier,yes,,,Baumgartner-1998
ChamWestern-morphosyntacticplural,ChamWestern,morphosyntacticplural,yes,,,Baumgartner-1998
Chamorro-sortalclassifier,Chamorro,sortalclassifier,no,,,Topping-1973
Chamorro-morphosyntacticplural,Chamorro,morphosyntacticplural,no,,,Topping-1973
Chantyal-sortalclassifier,Chantyal,sortalclassifier,yes,,,Noonan-2003b
Chantyal-morphosyntacticplural,Chantyal,morphosyntacticplural,yes,,,Noonan-2003b
Chayahuita-sortalclassifier,Chayahuita,sortalclassifier,yes,,,bourdeau_ergativity_2015
Chayahuita-morphosyntacticplural,Chayahuita,morphosyntacticplural,yes,,,bourdeau_ergativity_2015
Chechen-sortalclassifier,Chechen,sortalclassifier,no,,,Nichols-1994a
Chechen-morphosyntacticplural,Chechen,morphosyntacticplural,no,,,Nichols-1994a
Chepang-sortalclassifier,Chepang,sortalclassifier,no,,,Caughley-1982
Chepang-morphosyntacticplural,Chepang,morphosyntacticplural,no,,,Caughley-1982
ChichimecaJonaz-sortalclassifier,ChichimecaJonaz,sortalclassifier,no,,,Lastra-de-Suarez-1984
ChichimecaJonaz-morphosyntacticplural,ChichimecaJonaz,morphosyntacticplural,no,,,Lastra-de-Suarez-1984
Chimariko-sortalclassifier,Chimariko,sortalclassifier,no,,,Dixon-1910
Chimariko-morphosyntacticplural,Chimariko,morphosyntacticplural,no,,,Dixon-1910
ChinookUpper-sortalclassifier,ChinookUpper,sortalclassifier,no,,,Boas-1911b
ChinookUpper-morphosyntacticplural,ChinookUpper,morphosyntacticplural,no,,,Boas-1911b
Chitimacha-sortalclassifier,Chitimacha,sortalclassifier,no,,,Swadesh-1946b
Chitimacha-morphosyntacticplural,Chitimacha,morphosyntacticplural,no,,,Swadesh-1946b
Choctaw-sortalclassifier,Choctaw,sortalclassifier,no,,,Nicklas-1979
Choctaw-morphosyntacticplural,Choctaw,morphosyntacticplural,no,,,Nicklas-1979
ChontalHuamelultecOaxaca-sortalclassifier,ChontalHuamelultecOaxaca,sortalclassifier,no,,,Waterhouse-1962
ChontalHuamelultecOaxaca-morphosyntacticplural,ChontalHuamelultecOaxaca,morphosyntacticplural,no,,,Waterhouse-1962
Chukchi-sortalclassifier,Chukchi,sortalclassifier,no,,,Dunn-1999
Chukchi-morphosyntacticplural,Chukchi,morphosyntacticplural,no,,,Dunn-1999
ChumashBarbareo-sortalclassifier,ChumashBarbareo,sortalclassifier,no,,,Beeler-1976
ChumashBarbareo-morphosyntacticplural,ChumashBarbareo,morphosyntacticplural,no,,,Beeler-1976
ChumashIneseno-sortalclassifier,ChumashIneseno,sortalclassifier,no,,,Applegate-1972
ChumashIneseno-morphosyntacticplural,ChumashIneseno,morphosyntacticplural,no,,,Applegate-1972
Chuukese-sortalclassifier,Chuukese,sortalclassifier,yes,,,Lynch-1998
Chuukese-morphosyntacticplural,Chuukese,morphosyntacticplural,yes,,,Lynch-1998
Chuvash-sortalclassifier,Chuvash,sortalclassifier,no,,,Krueger-1961
Chuvash-morphosyntacticplural,Chuvash,morphosyntacticplural,no,,,Krueger-1961
CoosHanis-sortalclassifier,CoosHanis,sortalclassifier,no,,,Frachtenberg-1922a
CoosHanis-morphosyntacticplural,CoosHanis,morphosyntacticplural,no,,,Frachtenberg-1922a
CreePlains-sortalclassifier,CreePlains,sortalclassifier,no,,,Wolfart-1973
CreePlains-morphosyntacticplural,CreePlains,morphosyntacticplural,no,,,Wolfart-1973
Culina-sortalclassifier,Culina,sortalclassifier,no,,,Dienst-2006
Culina-morphosyntacticplural,Culina,morphosyntacticplural,no,,,Dienst-2006
Dagaare-sortalclassifier,Dagaare,sortalclassifier,no,,,Bodomo-1997
Dagaare-morphosyntacticplural,Dagaare,morphosyntacticplural,no,,,Bodomo-1997
Dargwa-sortalclassifier,Dargwa,sortalclassifier,no,,,Isaev-2004
Dargwa-morphosyntacticplural,Dargwa,morphosyntacticplural,no,,,Isaev-2004
Datooga-sortalclassifier,Datooga,sortalclassifier,no,,,Datooga-2000
Datooga-morphosyntacticplural,Datooga,morphosyntacticplural,no,,,Datooga-2000
Deni-sortalclassifier,Deni,sortalclassifier,no,,,Deni-1991
Deni-morphosyntacticplural,Deni,morphosyntacticplural,no,,,Deni-1991
Dizi-sortalclassifier,Dizi,sortalclassifier,no,,,Allan-1976b
Dizi-morphosyntacticplural,Dizi,morphosyntacticplural,no,,,Allan-1976b
Djingili-sortalclassifier,Djingili,sortalclassifier,no,,,Chadwick-1975
Djingili-morphosyntacticplural,Djingili,morphosyntacticplural,no,,,Chadwick-1975
Dobel-sortalclassifier,Dobel,sortalclassifier,yes,,,Hughes-2000
Dobel-morphosyntacticplural,Dobel,morphosyntacticplural,yes,,,Hughes-2000
Drehu-sortalclassifier,Drehu,sortalclassifier,no,,,Moyse-Faurie-1983
Drehu-morphosyntacticplural,Drehu,morphosyntacticplural,no,,,Moyse-Faurie-1983
Dumo-sortalclassifier,Dumo,sortalclassifier,no,,,Ross-1980
Dumo-morphosyntacticplural,Dumo,morphosyntacticplural,no,,,Ross-1980
Dyirbal-sortalclassifier,Dyirbal,sortalclassifier,no,,,Dixon-1972
Dyirbal-morphosyntacticplural,Dyirbal,morphosyntacticplural,no,,,Dixon-1972
English-sortalclassifier,English,sortalclassifier,no,,,Quirk-et-al-1985
English-morphosyntacticplural,English,morphosyntacticplural,no,,,Quirk-et-al-1985
EpenaPedee-sortalclassifier,EpenaPedee,sortalclassifier,no,,,Harms-1994
EpenaPedee-morphosyntacticplural,EpenaPedee,morphosyntacticplural,no,,,Harms-1994
Erromangan-sortalclassifier,Erromangan,sortalclassifier,no,,,Crowley-1998a
Erromangan-morphosyntacticplural,Erromangan,morphosyntacticplural,no,,,Crowley-1998a
Evenki-sortalclassifier,Evenki,sortalclassifier,no,,,Nedjalkov-1997
Evenki-morphosyntacticplural,Evenki,morphosyntacticplural,no,,,Nedjalkov-1997
Eyak-sortalclassifier,Eyak,sortalclassifier,yes,,,Kinkade-2001
Eyak-morphosyntacticplural,Eyak,morphosyntacticplural,yes,,,Kinkade-2001
Fijian-sortalclassifier,Fijian,sortalclassifier,no,,,Schutz-1985
Fijian-morphosyntacticplural,Fijian,morphosyntacticplural,no,,,Schutz-1985
Finnish-sortalclassifier,Finnish,sortalclassifier,no,,,Sulkala-and-Karjalainen-1992
Finnish-morphosyntacticplural,Finnish,morphosyntacticplural,no,,,Sulkala-and-Karjalainen-1992
French-sortalclassifier,French,sortalclassifier,no,,,Harris-1988
French-morphosyntacticplural,French,morphosyntacticplural,no,,,Harris-1988
FulaMauritanian-sortalclassifier,FulaMauritanian,sortalclassifier,no,,,Arnott-1970
FulaMauritanian-morphosyntacticplural,FulaMauritanian,morphosyntacticplural,no,,,Arnott-1970
Fur-sortalclassifier,Fur,sortalclassifier,no,,,Beaton-1968
Fur-morphosyntacticplural,Fur,morphosyntacticplural,no,,,Beaton-1968
FutunaAniwa-sortalclassifier,FutunaAniwa,sortalclassifier,no,,,Dougherty-1983
FutunaAniwa-morphosyntacticplural,FutunaAniwa,morphosyntacticplural,no,,,Dougherty-1983
Gaagudju-sortalclassifier,Gaagudju,sortalclassifier,no,,,Harvey-1992
Gaagudju-morphosyntacticplural,Gaagudju,morphosyntacticplural,no,,,Harvey-1992
Garo-sortalclassifier,Garo,sortalclassifier,yes,,,Burling-1961
Garo-morphosyntacticplural,Garo,morphosyntacticplural,yes,,,Burling-1961
Garrwa-sortalclassifier,Garrwa,sortalclassifier,no,,,Mushin-2005
Garrwa-morphosyntacticplural,Garrwa,morphosyntacticplural,no,,,Mushin-2005
Gaviao-sortalclassifier,Gaviao,sortalclassifier,no,,,Moore-1984
Gaviao-morphosyntacticplural,Gaviao,morphosyntacticplural,no,,,Moore-1984
GbeyaBossangoa-sortalclassifier,GbeyaBossangoa,sortalclassifier,no,,,Samarin-1966
GbeyaBossangoa-morphosyntacticplural,GbeyaBossangoa,morphosyntacticplural,no,,,Samarin-1966
Georgian-sortalclassifier,Georgian,sortalclassifier,no,,,Aronson-1982
Georgian-morphosyntacticplural,Georgian,morphosyntacticplural,no,,,Aronson-1982
German-sortalclassifier,German,sortalclassifier,no,,,Jessen-1999
German-morphosyntacticplural,German,morphosyntacticplural,no,,,Jessen-1999
Gilaki-sortalclassifier,Gilaki,sortalclassifier,yes,,,Christensen-1930
Gilaki-morphosyntacticplural,Gilaki,morphosyntacticplural,yes,,,Christensen-1930
Gooniyandi-sortalclassifier,Gooniyandi,sortalclassifier,no,,,McGregor-1990
Gooniyandi-morphosyntacticplural,Gooniyandi,morphosyntacticplural,no,,,McGregor-1990
Guarani-sortalclassifier,Guarani,sortalclassifier,no,,,Krivoshein-de-Canese-1983
Guarani-morphosyntacticplural,Guarani,morphosyntacticplural,no,,,Krivoshein-de-Canese-1983
Guduf-sortalclassifier,Guduf,sortalclassifier,no,,,Guduf-1966
Guduf-morphosyntacticplural,Guduf,morphosyntacticplural,no,,,Guduf-1966
Gunin-sortalclassifier,Gunin,sortalclassifier,no,,,McGregor-1993
Gunin-morphosyntacticplural,Gunin,morphosyntacticplural,no,,,McGregor-1993
Haida-sortalclassifier,Haida,sortalclassifier,yes,,,Swanton-1991
Haida-morphosyntacticplural,Haida,morphosyntacticplural,yes,,,Swanton-1991
Hatam-sortalclassifier,Hatam,sortalclassifier,yes,,,Reesink-1999
Hatam-morphosyntacticplural,Hatam,morphosyntacticplural,yes,,,Reesink-1999
Hausa-sortalclassifier,Hausa,sortalclassifier,no,,,Newman-2000
Hausa-morphosyntacticplural,Hausa,morphosyntacticplural,no,,,Newman-2000
Hawaiian-sortalclassifier,Hawaiian,sortalclassifier,no,,,Alexander-1968
Hawaiian-morphosyntacticplural,Hawaiian,morphosyntacticplural,no,,,Alexander-1968
HebrewModern-sortalclassifier,HebrewModern,sortalclassifier,no,,,Glinert-1989
HebrewModern-morphosyntacticplural,HebrewModern,morphosyntacticplural,no,,,Glinert-1989
Hindi-sortalclassifier,Hindi,sortalclassifier,no,,,Sandahl-2000
Hindi-morphosyntacticplural,Hindi,morphosyntacticplural,no,,,Sandahl-2000
Hixkaryana-sortalclassifier,Hixkaryana,sortalclassifier,no,,,Derbyshire-1985
Hixkaryana-morphosyntacticplural,Hixkaryana,morphosyntacticplural,no,,,Derbyshire-1985
HmongDaw-sortalclassifier,HmongDaw,sortalclassifier,yes,,,Mottin-1978
HmongDaw-morphosyntacticplural,HmongDaw,morphosyntacticplural,yes,,,Mottin-1978
Hokkien-sortalclassifier,Hokkien,sortalclassifier,yes,,,Hokkien-2011
Hokkien-morphosyntacticplural,Hokkien,morphosyntacticplural,yes,,,Hokkien-2011
Hua-sortalclassifier,Hua,sortalclassifier,no,,,Haiman-1980
Hua-morphosyntacticplural,Hua,morphosyntacticplural,no,,,Haiman-1980
Hungarian-sortalclassifier,Hungarian,sortalclassifier,yes,,,Beckwith-1992
Hungarian-morphosyntacticplural,Hungarian,morphosyntacticplural,yes,,,Beckwith-1992
Hunzib-sortalclassifier,Hunzib,sortalclassifier,no,,,van-den-Berg-1995
Hunzib-morphosyntacticplural,Hunzib,morphosyntacticplural,no,,,van-den-Berg-1995
Hup-sortalclassifier,Hup,sortalclassifier,no,,,Goddard-1911
Hup-morphosyntacticplural,Hup,morphosyntacticplural,no,,,Goddard-1911
Hyow-sortalclassifier,Hyow,sortalclassifier,yes,,,Hyow-2018
Hyow-morphosyntacticplural,Hyow,morphosyntacticplural,yes,,,Hyow-2018
Iaai-sortalclassifier,Iaai,sortalclassifier,no,,,Ozanne-Rivierre-1998
Iaai-morphosyntacticplural,Iaai,morphosyntacticplural,no,,,Ozanne-Rivierre-1998
Igbo-sortalclassifier,Igbo,sortalclassifier,no,,,Ikekeonwu-1999
Igbo-morphosyntacticplural,Igbo,morphosyntacticplural,no,,,Ikekeonwu-1999
Ika-sortalclassifier,Ika,sortalclassifier,no,,,Frank-1990
Ika-morphosyntacticplural,Ika,morphosyntacticplural,no,,,Frank-1990
Imonda-sortalclassifier,Imonda,sortalclassifier,no,,,Seiler-1985
Imonda-morphosyntacticplural,Imonda,morphosyntacticplural,no,,,Seiler-1985
Indonesian-sortalclassifier,Indonesian,sortalclassifier,yes,,,Mintz-1994
Indonesian-morphosyntacticplural,Indonesian,morphosyntacticplural,yes,,,Mintz-1994
Ingush-sortalclassifier,Ingush,sortalclassifier,no,,,Handel-and-Nichols-2000
Ingush-morphosyntacticplural,Ingush,morphosyntacticplural,no,,,Handel-and-Nichols-2000
Iraqw-sortalclassifier,Iraqw,sortalclassifier,no,,,Mous-1992
Iraqw-morphosyntacticplural,Iraqw,morphosyntacticplural,no,,,Mous-1992
Jahai-sortalclassifier,Jahai,sortalclassifier,yes,,,Burenhult-2000
Jahai-morphosyntacticplural,Jahai,morphosyntacticplural,yes,,,Burenhult-2000
Jakaltek-sortalclassifier,Jakaltek,sortalclassifier,yes,,,Suarez-1983b
Jakaltek-morphosyntacticplural,Jakaltek,morphosyntacticplural,yes,,,Suarez-1983b
Jamamadi-sortalclassifier,Jamamadi,sortalclassifier,no,,,Jama-2004
Jamamadi-morphosyntacticplural,Jamamadi,morphosyntacticplural,no,,,Jama-2004
Jaminjung-sortalclassifier,Jaminjung,sortalclassifier,no,,,Schultze-Berndt-2000
Jaminjung-morphosyntacticplural,Jaminjung,morphosyntacticplural,no,,,Schultze-Berndt-2000
Japanese-sortalclassifier,Japanese,sortalclassifier,yes,,,Martin-1991a
Japanese-morphosyntacticplural,Japanese,morphosyntacticplural,yes,,,Martin-1991a
Jaqaru-sortalclassifier,Jaqaru,sortalclassifier,no,,,Hardman-1983
Jaqaru-morphosyntacticplural,Jaqaru,morphosyntacticplural,no,,,Hardman-1983
Javanese-sortalclassifier,Javanese,sortalclassifier,yes,,,Robson-1992
Javanese-morphosyntacticplural,Javanese,morphosyntacticplural,yes,,,Robson-1992
Jivaro-sortalclassifier,Jivaro,sortalclassifier,no,,,Shuar-2014
Jivaro-morphosyntacticplural,Jivaro,morphosyntacticplural,no,,,Shuar-2014
Juhoan-sortalclassifier,Juhoan,sortalclassifier,no,,,Dickens-1992
Juhoan-morphosyntacticplural,Juhoan,morphosyntacticplural,no,,,Dickens-1992
Kalapuya-sortalclassifier,Kalapuya,sortalclassifier,no,,,Kinkade-2001
Kalapuya-morphosyntacticplural,Kalapuya,morphosyntacticplural,no,,,Kinkade-2001
Kambera-sortalclassifier,Kambera,sortalclassifier,yes,,,Klamer-1998
Kambera-morphosyntacticplural,Kambera,morphosyntacticplural,yes,,,Klamer-1998
Kana-sortalclassifier,Kana,sortalclassifier,yes,,,Ikoro-1996
Kana-morphosyntacticplural,Kana,morphosyntacticplural,yes,,,Ikoro-1996
Kannada-sortalclassifier,Kannada,sortalclassifier,no,,,Schiffman-1983
Kannada-morphosyntacticplural,Kannada,morphosyntacticplural,no,,,Schiffman-1983
Kanuri-sortalclassifier,Kanuri,sortalclassifier,no,,,Cyffer-1998
Kanuri-morphosyntacticplural,Kanuri,morphosyntacticplural,no,,,Cyffer-1998
Karok-sortalclassifier,Karok,sortalclassifier,no,,,Bright-1957
Karok-morphosyntacticplural,Karok,morphosyntacticplural,no,,,Bright-1957
Kate-sortalclassifier,Kate,sortalclassifier,no,,,Pilhofer-1933
Kate-morphosyntacticplural,Kate,morphosyntacticplural,no,,,Pilhofer-1933
KayahLiEastern-sortalclassifier,KayahLiEastern,sortalclassifier,yes,,,Solnit-1997
KayahLiEastern-morphosyntacticplural,KayahLiEastern,morphosyntacticplural,yes,,,Solnit-1997
KayanBaram-sortalclassifier,KayanBaram,sortalclassifier,yes,,,Omar-1983
KayanBaram-morphosyntacticplural,KayanBaram,morphosyntacticplural,yes,,,Omar-1983
KayuAgung-sortalclassifier,KayuAgung,sortalclassifier,yes,,,Gani-et-al-1986
KayuAgung-morphosyntacticplural,KayuAgung,morphosyntacticplural,yes,,,Gani-et-al-1986
Keo-sortalclassifier,Keo,sortalclassifier,yes,,,Baird-2001
Keo-morphosyntacticplural,Keo,morphosyntacticplural,yes,,,Baird-2001
Kei-sortalclassifier,Kei,sortalclassifier,yes,,,Geurtjens-1921
Kei-morphosyntacticplural,Kei,morphosyntacticplural,yes,,,Geurtjens-1921
Kelabit-sortalclassifier,Kelabit,sortalclassifier,no,,,Omar-1983
Kelabit-morphosyntacticplural,Kelabit,morphosyntacticplural,no,,,Omar-1983
KenyahUmaLung-sortalclassifier,KenyahUmaLung,sortalclassifier,yes,,,dryer_world_2013
KenyahUmaLung-morphosyntacticplural,KenyahUmaLung,morphosyntacticplural,yes,,,dryer_world_2013
Ketapang-sortalclassifier,Ketapang,sortalclassifier,yes,,,Ketapang-1994
Ketapang-morphosyntacticplural,Ketapang,morphosyntacticplural,yes,,,Ketapang-1994
Kewa-sortalclassifier,Kewa,sortalclassifier,no,,,Franklin-1971
Kewa-morphosyntacticplural,Kewa,morphosyntacticplural,no,,,Franklin-1971
Khalkha-sortalclassifier,Khalkha,sortalclassifier,no,,,Poppe-1970
Khalkha-morphosyntacticplural,Khalkha,morphosyntacticplural,no,,,Poppe-1970
Kham-sortalclassifier,Kham,sortalclassifier,yes,,,Watters-2002
Kham-morphosyntacticplural,Kham,morphosyntacticplural,yes,,,Watters-2002
Kharia-sortalclassifier,Kharia,sortalclassifier,yes,,,Biligiri-1965
Kharia-morphosyntacticplural,Kharia,morphosyntacticplural,yes,,,Biligiri-1965
Khmer-sortalclassifier,Khmer,sortalclassifier,yes,,,Ehrman-1972b
Khmer-morphosyntacticplural,Khmer,morphosyntacticplural,yes,,,Ehrman-1972b
Khmu-sortalclassifier,Khmu,sortalclassifier,yes,,,Premsrirat-1987
Khmu-morphosyntacticplural,Khmu,morphosyntacticplural,yes,,,Premsrirat-1987
Khoekhoe-sortalclassifier,Khoekhoe,sortalclassifier,no,,,Bohm-1985
Khoekhoe-morphosyntacticplural,Khoekhoe,morphosyntacticplural,no,,,Bohm-1985
Khumi-sortalclassifier,Khumi,sortalclassifier,yes,,,Khumi-1964
Khumi-morphosyntacticplural,Khumi,morphosyntacticplural,yes,,,Khumi-1964
Kilivila-sortalclassifier,Kilivila,sortalclassifier,yes,,,Senft-1952
Kilivila-morphosyntacticplural,Kilivila,morphosyntacticplural,yes,,,Senft-1952
Kiowa-sortalclassifier,Kiowa,sortalclassifier,no,,,Watkins-1980
Kiowa-morphosyntacticplural,Kiowa,morphosyntacticplural,no,,,Watkins-1980
Kiribati-sortalclassifier,Kiribati,sortalclassifier,yes,,,Groves-et-al-1985
Kiribati-morphosyntacticplural,Kiribati,morphosyntacticplural,yes,,,Groves-et-al-1985
Kiwai-sortalclassifier,Kiwai,sortalclassifier,no,,,Ray-1933
Kiwai-morphosyntacticplural,Kiwai,morphosyntacticplural,no,,,Ray-1933
Klamath-sortalclassifier,Klamath,sortalclassifier,no,,,Kinkade-2001
Klamath-morphosyntacticplural,Klamath,morphosyntacticplural,no,,,Kinkade-2001
Kobon-sortalclassifier,Kobon,sortalclassifier,no,,,Davies-1989b
Kobon-morphosyntacticplural,Kobon,morphosyntacticplural,no,,,Davies-1989b
Koiari-sortalclassifier,Koiari,sortalclassifier,no,,,Dutton-1996
Koiari-morphosyntacticplural,Koiari,morphosyntacticplural,no,,,Dutton-1996
Kombai-sortalclassifier,Kombai,sortalclassifier,no,,,de-Vries-1993
Kombai-morphosyntacticplural,Kombai,morphosyntacticplural,no,,,de-Vries-1993
KomiZyrian-sortalclassifier,KomiZyrian,sortalclassifier,no,,,Hausenberg-1998
KomiZyrian-morphosyntacticplural,KomiZyrian,morphosyntacticplural,no,,,Hausenberg-1998
Konua-sortalclassifier,Konua,sortalclassifier,no,,,Muller-1954
Konua-morphosyntacticplural,Konua,morphosyntacticplural,no,,,Muller-1954
Korafe-sortalclassifier,Korafe,sortalclassifier,no,,,Farr-1999
Korafe-morphosyntacticplural,Korafe,morphosyntacticplural,no,,,Farr-1999
Korean-sortalclassifier,Korean,sortalclassifier,yes,,,Lee-1989
Korean-morphosyntacticplural,Korean,morphosyntacticplural,yes,,,Lee-1989
Korku-sortalclassifier,Korku,sortalclassifier,no,,,Nagaraja-1999
Korku-morphosyntacticplural,Korku,morphosyntacticplural,no,,,Nagaraja-1999
Koromfe-sortalclassifier,Koromfe,sortalclassifier,no,,,Rennison-1997
Koromfe-morphosyntacticplural,Koromfe,morphosyntacticplural,no,,,Rennison-1997
Kosraean-sortalclassifier,Kosraean,sortalclassifier,yes,,,Lee-1975
Kosraean-morphosyntacticplural,Kosraean,morphosyntacticplural,yes,,,Lee-1975
Kota-sortalclassifier,Kota,sortalclassifier,no,,,Emeneau-1944
Kota-morphosyntacticplural,Kota,morphosyntacticplural,no,,,Emeneau-1944
KoyraChiini-sortalclassifier,KoyraChiini,sortalclassifier,no,,,Heath-1999b
KoyraChiini-morphosyntacticplural,KoyraChiini,morphosyntacticplural,no,,,Heath-1999b
Kpelle-sortalclassifier,Kpelle,sortalclassifier,no,,,Welmers-1973
Kpelle-morphosyntacticplural,Kpelle,morphosyntacticplural,no,,,Welmers-1973
Kutenai-sortalclassifier,Kutenai,sortalclassifier,no,,,Morgan-1991
Kutenai-morphosyntacticplural,Kutenai,morphosyntacticplural,no,,,Morgan-1991
Kwaza-sortalclassifier,Kwaza,sortalclassifier,no,,,van-der-Voort-2000
Kwaza-morphosyntacticplural,Kwaza,morphosyntacticplural,no,,,van-der-Voort-2000
Lachi-sortalclassifier,Lachi,sortalclassifier,yes,,,Fleisch-2001
Lachi-morphosyntacticplural,Lachi,morphosyntacticplural,yes,,,Fleisch-2001
Lahu-sortalclassifier,Lahu,sortalclassifier,yes,,,Matisoff-1973
Lahu-morphosyntacticplural,Lahu,morphosyntacticplural,yes,,,Matisoff-1973
Lai-sortalclassifier,Lai,sortalclassifier,yes,,,Peterson-2003
Lai-morphosyntacticplural,Lai,morphosyntacticplural,yes,,,Peterson-2003
Lakhota-sortalclassifier,Lakhota,sortalclassifier,no,,,Faltz-1995
Lakhota-morphosyntacticplural,Lakhota,morphosyntacticplural,no,,,Faltz-1995
Lango-sortalclassifier,Lango,sortalclassifier,no,,,Noonan-1992
Lango-morphosyntacticplural,Lango,morphosyntacticplural,no,,,Noonan-1992
Larike-sortalclassifier,Larike,sortalclassifier,yes,,,Laidig-and-Laidig-1995
Larike-morphosyntacticplural,Larike,morphosyntacticplural,yes,,,Laidig-and-Laidig-1995
Latvian-sortalclassifier,Latvian,sortalclassifier,no,,,Fennell-and-Gelsen-1980
Latvian-morphosyntacticplural,Latvian,morphosyntacticplural,no,,,Fennell-and-Gelsen-1980
Leti-sortalclassifier,Leti,sortalclassifier,no,,,van-Engelenhoven-1995
Leti-morphosyntacticplural,Leti,morphosyntacticplural,no,,,van-Engelenhoven-1995
Lezgian-sortalclassifier,Lezgian,sortalclassifier,no,,,Haspelmath-1993
Lezgian-morphosyntacticplural,Lezgian,morphosyntacticplural,no,,,Haspelmath-1993
Limbu-sortalclassifier,Limbu,sortalclassifier,no,,,van-Driem-1987
Limbu-morphosyntacticplural,Limbu,morphosyntacticplural,no,,,van-Driem-1987
Loniu-sortalclassifier,Loniu,sortalclassifier,yes,,,Hamel-1994
Loniu-morphosyntacticplural,Loniu,morphosyntacticplural,yes,,,Hamel-1994
Loven-sortalclassifier,Loven,sortalclassifier,yes,,,Loven-2001
Loven-morphosyntacticplural,Loven,morphosyntacticplural,yes,,,Loven-2001
Lucazi-sortalclassifier,Lucazi,sortalclassifier,no,,,Fleisch-2001
Lucazi-morphosyntacticplural,Lucazi,morphosyntacticplural,no,,,Fleisch-2001
Luganda-sortalclassifier,Luganda,sortalclassifier,no,,,Welmers-1973
Luganda-morphosyntacticplural,Luganda,morphosyntacticplural,no,,,Welmers-1973
Lugbara-sortalclassifier,Lugbara,sortalclassifier,no,,,Barr-1965
Lugbara-morphosyntacticplural,Lugbara,morphosyntacticplural,no,,,Barr-1965
Luiseno-sortalclassifier,Luiseno,sortalclassifier,no,,,Malecot-1963b
Luiseno-morphosyntacticplural,Luiseno,morphosyntacticplural,no,,,Malecot-1963b
LunDayeh-sortalclassifier,LunDayeh,sortalclassifier,yes,,,Omar-1983
LunDayeh-morphosyntacticplural,LunDayeh,morphosyntacticplural,yes,,,Omar-1983
Luo-sortalclassifier,Luo,sortalclassifier,no,,,Tucker-1994
Luo-morphosyntacticplural,Luo,morphosyntacticplural,no,,,Tucker-1994
Luri-sortalclassifier,Luri,sortalclassifier,yes,,,Lori-1989
Luri-morphosyntacticplural,Luri,morphosyntacticplural,yes,,,Lori-1989
Maasai-sortalclassifier,Maasai,sortalclassifier,no,,,Tucker-and-Mpaayei-1955
Maasai-morphosyntacticplural,Maasai,morphosyntacticplural,no,,,Tucker-and-Mpaayei-1955
MagarSyangja-sortalclassifier,MagarSyangja,sortalclassifier,no,,,Shepherd-and-Shepherd-1973
MagarSyangja-morphosyntacticplural,MagarSyangja,morphosyntacticplural,no,,,Shepherd-and-Shepherd-1973
MahMeri-sortalclassifier,MahMeri,sortalclassifier,yes,,,Meri-2014
MahMeri-morphosyntacticplural,MahMeri,morphosyntacticplural,yes,,,Meri-2014
MaiduNortheast-sortalclassifier,MaiduNortheast,sortalclassifier,no,,,Shipley-1964
MaiduNortheast-morphosyntacticplural,MaiduNortheast,morphosyntacticplural,no,,,Shipley-1964
Makassar-sortalclassifier,Makassar,sortalclassifier,yes,,,Manyambeang-et-al-1996
Makassar-morphosyntacticplural,Makassar,morphosyntacticplural,yes,,,Manyambeang-et-al-1996
Maku-sortalclassifier,Maku,sortalclassifier,no,,,Maku-2008
Maku-morphosyntacticplural,Maku,morphosyntacticplural,no,,,Maku-2008
Malagasy-sortalclassifier,Malagasy,sortalclassifier,no,,,Rasoloson-and-Rubino-2004
Malagasy-morphosyntacticplural,Malagasy,morphosyntacticplural,no,,,Rasoloson-and-Rubino-2004
Malakmalak-sortalclassifier,Malakmalak,sortalclassifier,no,,,Birk-1976
Malakmalak-morphosyntacticplural,Malakmalak,morphosyntacticplural,no,,,Birk-1976
Malayalam-sortalclassifier,Malayalam,sortalclassifier,no,,,Moag-2001
Malayalam-morphosyntacticplural,Malayalam,morphosyntacticplural,no,,,Moag-2001
Mali-sortalclassifier,Mali,sortalclassifier,no,,,Stebbins-2002
Mali-morphosyntacticplural,Mali,morphosyntacticplural,no,,,Stebbins-2002
Mandan-sortalclassifier,Mandan,sortalclassifier,no,,,Mixco-1997
Mandan-morphosyntacticplural,Mandan,morphosyntacticplural,no,,,Mixco-1997
Mandar-sortalclassifier,Mandar,sortalclassifier,yes,,,Muthalib-et-al-1992
Mandar-morphosyntacticplural,Mandar,morphosyntacticplural,yes,,,Muthalib-et-al-1992
Mandarin-sortalclassifier,Mandarin,sortalclassifier,yes,,,Zhu-2001
Mandarin-morphosyntacticplural,Mandarin,morphosyntacticplural,yes,,,Zhu-2001
Mandinka-sortalclassifier,Mandinka,sortalclassifier,no,,,Rowlands-1959
Mandinka-morphosyntacticplural,Mandinka,morphosyntacticplural,no,,,Rowlands-1959
Mangarrayi-sortalclassifier,Mangarrayi,sortalclassifier,no,,,Merlan-1982
Mangarrayi-morphosyntacticplural,Mangarrayi,morphosyntacticplural,no,,,Merlan-1982
Mapudungun-sortalclassifier,Mapudungun,sortalclassifier,no,,,Zuniga-2000
Mapudungun-morphosyntacticplural,Mapudungun,morphosyntacticplural,no,,,Zuniga-2000
Marathi-sortalclassifier,Marathi,sortalclassifier,no,,,Pandharipande-1997
Marathi-morphosyntacticplural,Marathi,morphosyntacticplural,no,,,Pandharipande-1997
Margi-sortalclassifier,Margi,sortalclassifier,no,,,Hoffmann-1963
Margi-morphosyntacticplural,Margi,morphosyntacticplural,no,,,Hoffmann-1963
Maricopa-sortalclassifier,Maricopa,sortalclassifier,no,,,Gordon-1986
Maricopa-morphosyntacticplural,Maricopa,morphosyntacticplural,no,,,Gordon-1986
Martuthunira-sortalclassifier,Martuthunira,sortalclassifier,no,,,Dench-1995
Martuthunira-morphosyntacticplural,Martuthunira,morphosyntacticplural,no,,,Dench-1995
Maung-sortalclassifier,Maung,sortalclassifier,no,,,Capell-and-Hinch-1970
Maung-morphosyntacticplural,Maung,morphosyntacticplural,no,,,Capell-and-Hinch-1970
Maybrat-sortalclassifier,Maybrat,sortalclassifier,yes,,,Dol-1999
Maybrat-morphosyntacticplural,Maybrat,morphosyntacticplural,yes,,,Dol-1999
Mazanderani-sortalclassifier,Mazanderani,sortalclassifier,yes,,,Yoshie-1996
Mazanderani-morphosyntacticplural,Mazanderani,morphosyntacticplural,yes,,,Yoshie-1996
Mbugu-sortalclassifier,Mbugu,sortalclassifier,no,,,Mbugu-1994
Mbugu-morphosyntacticplural,Mbugu,morphosyntacticplural,no,,,Mbugu-1994
Meen-sortalclassifier,Meen,sortalclassifier,no,,,Will-1989
Meen-morphosyntacticplural,Meen,morphosyntacticplural,no,,,Will-1989
Melanau-sortalclassifier,Melanau,sortalclassifier,yes,,,Omar-1983
Melanau-morphosyntacticplural,Melanau,morphosyntacticplural,yes,,,Omar-1983
Mende-sortalclassifier,Mende,sortalclassifier,no,,,Innes-1971
Mende-morphosyntacticplural,Mende,morphosyntacticplural,no,,,Innes-1971
Minangkabau-sortalclassifier,Minangkabau,sortalclassifier,yes,,,Adelaar-1995a
Minangkabau-morphosyntacticplural,Minangkabau,morphosyntacticplural,yes,,,Adelaar-1995a
Miskito-sortalclassifier,Miskito,sortalclassifier,no,,,CIDCA-1985
Miskito-morphosyntacticplural,Miskito,morphosyntacticplural,no,,,CIDCA-1985
Mituku-sortalclassifier,Mituku,sortalclassifier,no,,,Stappers-1973
Mituku-morphosyntacticplural,Mituku,morphosyntacticplural,no,,,Stappers-1973
MiwokSouthernSierra-sortalclassifier,MiwokSouthernSierra,sortalclassifier,no,,,Broadbent-1964
MiwokSouthernSierra-morphosyntacticplural,MiwokSouthernSierra,morphosyntacticplural,no,,,Broadbent-1964
MixtecChalcatongo-sortalclassifier,MixtecChalcatongo,sortalclassifier,no,,,Macaulay-1996
MixtecChalcatongo-morphosyntacticplural,MixtecChalcatongo,morphosyntacticplural,no,,,Macaulay-1996
Miya-sortalclassifier,Miya,sortalclassifier,no,,,Schuh-1998
Miya-morphosyntacticplural,Miya,morphosyntacticplural,no,,,Schuh-1998
MlabriMinor-sortalclassifier,MlabriMinor,sortalclassifier,yes,,,Rischel-1995
MlabriMinor-morphosyntacticplural,MlabriMinor,morphosyntacticplural,yes,,,Rischel-1995
Mokilese-sortalclassifier,Mokilese,sortalclassifier,yes,,,Harrison-1976
Mokilese-morphosyntacticplural,Mokilese,morphosyntacticplural,yes,,,Harrison-1976
Molala-sortalclassifier,Molala,sortalclassifier,no,,,Kinkade-2001
Molala-morphosyntacticplural,Molala,morphosyntacticplural,no,,,Kinkade-2001
MordvinErzya-sortalclassifier,MordvinErzya,sortalclassifier,no,,,Zaicz-1998
MordvinErzya-morphosyntacticplural,MordvinErzya,morphosyntacticplural,no,,,Zaicz-1998
Mosetn-sortalclassifier,Mosetn,sortalclassifier,no,,,Sakel-2002a
Mosetn-morphosyntacticplural,Mosetn,morphosyntacticplural,no,,,Sakel-2002a
Muisca-sortalclassifier,Muisca,sortalclassifier,no,,,Ostler-1994
Muisca-morphosyntacticplural,Muisca,morphosyntacticplural,no,,,Ostler-1994
Munduruku-sortalclassifier,Munduruku,sortalclassifier,no,,,Crofts-1973
Munduruku-morphosyntacticplural,Munduruku,morphosyntacticplural,no,,,Crofts-1973
Mupun-sortalclassifier,Mupun,sortalclassifier,no,,,Frajzyngier-1993
Mupun-morphosyntacticplural,Mupun,morphosyntacticplural,no,,,Frajzyngier-1993
Nahali-sortalclassifier,Nahali,sortalclassifier,no,,,Kuiper-1962
Nahali-morphosyntacticplural,Nahali,morphosyntacticplural,no,,,Kuiper-1962
NahuatlTetelcingo-sortalclassifier,NahuatlTetelcingo,sortalclassifier,no,,,Tuggy-1979
NahuatlTetelcingo-morphosyntacticplural,NahuatlTetelcingo,morphosyntacticplural,no,,,Tuggy-1979
Nanai-sortalclassifier,Nanai,sortalclassifier,no,,,Sem-1975
Nanai-morphosyntacticplural,Nanai,morphosyntacticplural,no,,,Sem-1975
Napu-sortalclassifier,Napu,sortalclassifier,yes,,,Garantjang-et-al-1989
Napu-morphosyntacticplural,Napu,morphosyntacticplural,yes,,,Garantjang-et-al-1989
NarainEthiopia-sortalclassifier,NarainEthiopia,sortalclassifier,no,,,Thompson-1976a
NarainEthiopia-morphosyntacticplural,NarainEthiopia,morphosyntacticplural,no,,,Thompson-1976a
Narom-sortalclassifier,Narom,sortalclassifier,yes,,,Omar-1983
Narom-morphosyntacticplural,Narom,morphosyntacticplural,yes,,,Omar-1983
Nasioi-sortalclassifier,Nasioi,sortalclassifier,no,,,Hurd-and-Hurd-1966
Nasioi-morphosyntacticplural,Nasioi,morphosyntacticplural,no,,,Hurd-and-Hurd-1966
Nauruan-sortalclassifier,Nauruan,sortalclassifier,yes,,,Kayser-1993
Nauruan-morphosyntacticplural,Nauruan,morphosyntacticplural,yes,,,Kayser-1993
Navajo-sortalclassifier,Navajo,sortalclassifier,no,,,Young-and-Morgan-1980
Navajo-morphosyntacticplural,Navajo,morphosyntacticplural,no,,,Young-and-Morgan-1980
Ndyuka-sortalclassifier,Ndyuka,sortalclassifier,no,,,Huttar-and-Huttar-1994
Ndyuka-morphosyntacticplural,Ndyuka,morphosyntacticplural,no,,,Huttar-and-Huttar-1994
Nelemwa-sortalclassifier,Nelemwa,sortalclassifier,yes,,,Bril-2002
Nelemwa-morphosyntacticplural,Nelemwa,morphosyntacticplural,yes,,,Bril-2002
Nenets-sortalclassifier,Nenets,sortalclassifier,no,,,Salminen-1998
Nenets-morphosyntacticplural,Nenets,morphosyntacticplural,no,,,Salminen-1998
NeoAramaicArbelJewish-sortalclassifier,NeoAramaicArbelJewish,sortalclassifier,no,,,Khan-1999
NeoAramaicArbelJewish-morphosyntacticplural,NeoAramaicArbelJewish,morphosyntacticplural,no,,,Khan-1999
NewariKathmandu-sortalclassifier,NewariKathmandu,sortalclassifier,yes,,,Genetti-1990
NewariKathmandu-morphosyntacticplural,NewariKathmandu,morphosyntacticplural,yes,,,Genetti-1990
Ngada-sortalclassifier,Ngada,sortalclassifier,yes,,,Djawanai-2002
Ngada-morphosyntacticplural,Ngada,morphosyntacticplural,yes,,,Djawanai-2002
Ngarinyman-sortalclassifier,Ngarinyman,sortalclassifier,no,,,Ngarinyman-2014
Ngarinyman-morphosyntacticplural,Ngarinyman,morphosyntacticplural,no,,,Ngarinyman-2014
Ngiyambaa-sortalclassifier,Ngiyambaa,sortalclassifier,no,,,Donaldson-1999
Ngiyambaa-morphosyntacticplural,Ngiyambaa,morphosyntacticplural,no,,,Donaldson-1999
Ngizim-sortalclassifier,Ngizim,sortalclassifier,no,,,Schuh-1972
Ngizim-morphosyntacticplural,Ngizim,morphosyntacticplural,no,,,Schuh-1972
NicobareseCar-sortalclassifier,NicobareseCar,sortalclassifier,yes,,,Braine-1970
NicobareseCar-morphosyntacticplural,NicobareseCar,morphosyntacticplural,yes,,,Braine-1970
Nivkh-sortalclassifier,Nivkh,sortalclassifier,yes,,,Gruzdeva-1998
Nivkh-morphosyntacticplural,Nivkh,morphosyntacticplural,yes,,,Gruzdeva-1998
NivkhSouthSakhalin-sortalclassifier,NivkhSouthSakhalin,sortalclassifier,yes,,,Gruzdeva-1998
NivkhSouthSakhalin-morphosyntacticplural,NivkhSouthSakhalin,morphosyntacticplural,yes,,,Gruzdeva-1998
NubianDongolese-sortalclassifier,NubianDongolese,sortalclassifier,no,,,Armbruster-1960
NubianDongolese-morphosyntacticplural,NubianDongolese,morphosyntacticplural,no,,,Armbruster-1960
Nunggubuyu-sortalclassifier,Nunggubuyu,sortalclassifier,no,,,Heath-1984
Nunggubuyu-morphosyntacticplural,Nunggubuyu,morphosyntacticplural,no,,,Heath-1984
Nyelayu-sortalclassifier,Nyelayu,sortalclassifier,yes,,,Ozanne-Rivierre-1998
Nyelayu-morphosyntacticplural,Nyelayu,morphosyntacticplural,yes,,,Ozanne-Rivierre-1998
Nyulnyul-sortalclassifier,Nyulnyul,sortalclassifier,no,,,McGregor-1996
Nyulnyul-morphosyntacticplural,Nyulnyul,morphosyntacticplural,no,,,McGregor-1996
Oodham-sortalclassifier,Oodham,sortalclassifier,no,,,Hale-1959
Oodham-morphosyntacticplural,Oodham,morphosyntacticplural,no,,,Hale-1959
Ocaina-sortalclassifier,Ocaina,sortalclassifier,no,,,Ocaina-2004
Ocaina-morphosyntacticplural,Ocaina,morphosyntacticplural,no,,,Ocaina-2004
OnyaDarat-sortalclassifier,OnyaDarat,sortalclassifier,yes,,,Onya-1999
OnyaDarat-morphosyntacticplural,OnyaDarat,morphosyntacticplural,yes,,,Onya-1999
Orejon-sortalclassifier,Orejon,sortalclassifier,no,,,Velie-and-Velie-1981
Orejon-morphosyntacticplural,Orejon,morphosyntacticplural,no,,,Velie-and-Velie-1981
Orig-sortalclassifier,Orig,sortalclassifier,no,,,Schadeberg-and-Elias-1979
Orig-morphosyntacticplural,Orig,morphosyntacticplural,no,,,Schadeberg-and-Elias-1979
OromoHarar-sortalclassifier,OromoHarar,sortalclassifier,no,,,Owens-1985
OromoHarar-morphosyntacticplural,OromoHarar,morphosyntacticplural,no,,,Owens-1985
Padoe-sortalclassifier,Padoe,sortalclassifier,yes,,,Karhunen-1994
Padoe-morphosyntacticplural,Padoe,morphosyntacticplural,yes,,,Karhunen-1994
PaiuteNorthern-sortalclassifier,PaiuteNorthern,sortalclassifier,no,,,Snapp-et-al-1982
PaiuteNorthern-morphosyntacticplural,PaiuteNorthern,morphosyntacticplural,no,,,Snapp-et-al-1982
PaiuteSouthern-sortalclassifier,PaiuteSouthern,sortalclassifier,no,,,Sapir-1930
PaiuteSouthern-morphosyntacticplural,PaiuteSouthern,morphosyntacticplural,no,,,Sapir-1930
Palikur-sortalclassifier,Palikur,sortalclassifier,yes,,,Green-and-Green-1972
Palikur-morphosyntacticplural,Palikur,morphosyntacticplural,yes,,,Green-and-Green-1972
Panare-sortalclassifier,Panare,sortalclassifier,no,,,Cauty-1974a
Panare-morphosyntacticplural,Panare,morphosyntacticplural,no,,,Cauty-1974a
Parecis-sortalclassifier,Parecis,sortalclassifier,no,,,Derbyshire-1986
Parecis-morphosyntacticplural,Parecis,morphosyntacticplural,no,,,Derbyshire-1986
Paumari-sortalclassifier,Paumari,sortalclassifier,no,,,Chapman-and-Derbyshire-1991
Paumari-morphosyntacticplural,Paumari,morphosyntacticplural,no,,,Chapman-and-Derbyshire-1991
Pawnee-sortalclassifier,Pawnee,sortalclassifier,no,,,Parks-1976
Pawnee-morphosyntacticplural,Pawnee,morphosyntacticplural,no,,,Parks-1976
Persian-sortalclassifier,Persian,sortalclassifier,yes,,,Mahootian-1997
Persian-morphosyntacticplural,Persian,morphosyntacticplural,yes,,,Mahootian-1997
Piaroa-sortalclassifier,Piaroa,sortalclassifier,no,,,Krute-1989
Piaroa-morphosyntacticplural,Piaroa,morphosyntacticplural,no,,,Krute-1989
Pileni-sortalclassifier,Pileni,sortalclassifier,yes,,,Naess-2000
Pileni-morphosyntacticplural,Pileni,morphosyntacticplural,yes,,,Naess-2000
PimaBajo-sortalclassifier,PimaBajo,sortalclassifier,no,,,Estrada-Fernandez-1996
PimaBajo-morphosyntacticplural,PimaBajo,morphosyntacticplural,no,,,Estrada-Fernandez-1996
Pipil-sortalclassifier,Pipil,sortalclassifier,no,,,Campbell-1985
Pipil-morphosyntacticplural,Pipil,morphosyntacticplural,no,,,Campbell-1985
Piraha-sortalclassifier,Piraha,sortalclassifier,no,,,Everett-1991
Piraha-morphosyntacticplural,Piraha,morphosyntacticplural,no,,,Everett-1991
Piro-sortalclassifier,Piro,sortalclassifier,no,,,Matteson-1965
Piro-morphosyntacticplural,Piro,morphosyntacticplural,no,,,Matteson-1965
Pohnpeian-sortalclassifier,Pohnpeian,sortalclassifier,yes,,,Lynch-1998
Pohnpeian-morphosyntacticplural,Pohnpeian,morphosyntacticplural,yes,,,Lynch-1998
Purepecha-sortalclassifier,Purepecha,sortalclassifier,yes,,,Purepecha-2000
Purepecha-morphosyntacticplural,Purepecha,morphosyntacticplural,yes,,,Purepecha-2000
QuechuaCuzco-sortalclassifier,QuechuaCuzco,sortalclassifier,no,,,Faller-2001
QuechuaCuzco-morphosyntacticplural,QuechuaCuzco,morphosyntacticplural,no,,,Faller-2001
QuechuaHuallaga-sortalclassifier,QuechuaHuallaga,sortalclassifier,no,,,Weber-1989
QuechuaHuallaga-morphosyntacticplural,QuechuaHuallaga,morphosyntacticplural,no,,,Weber-1989
QuechuaImbabura-sortalclassifier,QuechuaImbabura,sortalclassifier,no,,,Cole-1982
QuechuaImbabura-morphosyntacticplural,QuechuaImbabura,morphosyntacticplural,no,,,Cole-1982
Quileute-sortalclassifier,Quileute,sortalclassifier,no,,,Andrade-1933
Quileute-morphosyntacticplural,Quileute,morphosyntacticplural,no,,,Andrade-1933
Rapanui-sortalclassifier,Rapanui,sortalclassifier,no,,,Chapin-1978
Rapanui-morphosyntacticplural,Rapanui,morphosyntacticplural,no,,,Chapin-1978
Remo-sortalclassifier,Remo,sortalclassifier,yes,,,Fernandez-1967
Remo-morphosyntacticplural,Remo,morphosyntacticplural,yes,,,Fernandez-1967
RomaniSepecides-sortalclassifier,RomaniSepecides,sortalclassifier,no,,,Cech-and-Heinschink-1996
RomaniSepecides-morphosyntacticplural,RomaniSepecides,morphosyntacticplural,no,,,Cech-and-Heinschink-1996
RukaiTanan-sortalclassifier,RukaiTanan,sortalclassifier,no,,,Zeitoun-2007
RukaiTanan-morphosyntacticplural,RukaiTanan,morphosyntacticplural,no,,,Zeitoun-2007
RunyoroRutooro-sortalclassifier,RunyoroRutooro,sortalclassifier,no,,,Rubongoya-1999
RunyoroRutooro-morphosyntacticplural,RunyoroRutooro,morphosyntacticplural,no,,,Rubongoya-1999
Russian-sortalclassifier,Russian,sortalclassifier,no,,,Wade-1992
Russian-morphosyntacticplural,Russian,morphosyntacticplural,no,,,Wade-1992
RussianChinesePidginBirobidjan-sortalclassifier,RussianChinesePidginBirobidjan,sortalclassifier,no,,,dryer_world_2013
RussianChinesePidginBirobidjan-morphosyntacticplural,RussianChinesePidginBirobidjan,morphosyntacticplural,no,,,dryer_world_2013
Salinan-sortalclassifier,Salinan,sortalclassifier,no,,,Mason-1918
Salinan-morphosyntacticplural,Salinan,morphosyntacticplural,no,,,Mason-1918
SaltYui-sortalclassifier,SaltYui,sortalclassifier,no,,,Irwin-1974
SaltYui-morphosyntacticplural,SaltYui,morphosyntacticplural,no,,,Irwin-1974
Samandang-sortalclassifier,Samandang,sortalclassifier,yes,,,Omar-1983
Samandang-morphosyntacticplural,Samandang,morphosyntacticplural,yes,,,Omar-1983
Samoan-sortalclassifier,Samoan,sortalclassifier,yes,,,Marsack-1962
Samoan-morphosyntacticplural,Samoan,morphosyntacticplural,yes,,,Marsack-1962
Sandawe-sortalclassifier,Sandawe,sortalclassifier,no,,,Eaton-2008
Sandawe-morphosyntacticplural,Sandawe,morphosyntacticplural,no,,,Eaton-2008
Santali-sortalclassifier,Santali,sortalclassifier,yes,,,Neukom-2001
Santali-morphosyntacticplural,Santali,morphosyntacticplural,yes,,,Neukom-2001
Sanuma-sortalclassifier,Sanuma,sortalclassifier,no,,,Borgman-1990
Sanuma-morphosyntacticplural,Sanuma,morphosyntacticplural,no,,,Borgman-1990
Sawu-sortalclassifier,Sawu,sortalclassifier,yes,,,Walker-1982
Sawu-morphosyntacticplural,Sawu,morphosyntacticplural,yes,,,Walker-1982
Seediq-sortalclassifier,Seediq,sortalclassifier,no,,,Holmer-1996
Seediq-morphosyntacticplural,Seediq,morphosyntacticplural,no,,,Holmer-1996
Semelai-sortalclassifier,Semelai,sortalclassifier,yes,,,Kruspe-1999
Semelai-morphosyntacticplural,Semelai,morphosyntacticplural,yes,,,Kruspe-1999
Seneca-sortalclassifier,Seneca,sortalclassifier,no,,,Chafe-1996
Seneca-morphosyntacticplural,Seneca,morphosyntacticplural,no,,,Chafe-1996
Sentani-sortalclassifier,Sentani,sortalclassifier,no,,,Hartzler-1994
Sentani-morphosyntacticplural,Sentani,morphosyntacticplural,no,,,Hartzler-1994
Sesotho-sortalclassifier,Sesotho,sortalclassifier,no,,,Guma-1971
Sesotho-morphosyntacticplural,Sesotho,morphosyntacticplural,no,,,Guma-1971
Shasta-sortalclassifier,Shasta,sortalclassifier,no,,,Silver-1966
Shasta-morphosyntacticplural,Shasta,morphosyntacticplural,no,,,Silver-1966
ShipiboKonibo-sortalclassifier,ShipiboKonibo,sortalclassifier,no,,,Valenzuela-et-al-2001
ShipiboKonibo-morphosyntacticplural,ShipiboKonibo,morphosyntacticplural,no,,,Valenzuela-et-al-2001
Simeulue-sortalclassifier,Simeulue,sortalclassifier,yes,,,Abdullah-Faridan-et-al-1983
Simeulue-morphosyntacticplural,Simeulue,morphosyntacticplural,yes,,,Abdullah-Faridan-et-al-1983
Sinhala-sortalclassifier,Sinhala,sortalclassifier,no,,,Gair-1970
Sinhala-morphosyntacticplural,Sinhala,morphosyntacticplural,no,,,Gair-1970
Siona-sortalclassifier,Siona,sortalclassifier,no,,,Wheeler-1970
Siona-morphosyntacticplural,Siona,morphosyntacticplural,no,,,Wheeler-1970
Siuslaw-sortalclassifier,Siuslaw,sortalclassifier,no,,,Frachtenberg-1922b
Siuslaw-morphosyntacticplural,Siuslaw,morphosyntacticplural,no,,,Frachtenberg-1922b
So-sortalclassifier,So,sortalclassifier,no,,,Carlin-1993
So-morphosyntacticplural,So,morphosyntacticplural,no,,,Carlin-1993
Suena-sortalclassifier,Suena,sortalclassifier,no,,,Wilson-1974
Suena-morphosyntacticplural,Suena,morphosyntacticplural,no,,,Wilson-1974
Sulka-sortalclassifier,Sulka,sortalclassifier,no,,,Tharp-1996
Sulka-morphosyntacticplural,Sulka,morphosyntacticplural,no,,,Tharp-1996
Supyire-sortalclassifier,Supyire,sortalclassifier,no,,,Carlson-1994
Supyire-morphosyntacticplural,Supyire,morphosyntacticplural,no,,,Carlson-1994
Swahili-sortalclassifier,Swahili,sortalclassifier,no,,,Welmers-1973
Swahili-morphosyntacticplural,Swahili,morphosyntacticplural,no,,,Welmers-1973
Swati-sortalclassifier,Swati,sortalclassifier,no,,,Taljaard-et-al-1991
Swati-morphosyntacticplural,Swati,morphosyntacticplural,no,,,Taljaard-et-al-1991
Taba-sortalclassifier,Taba,sortalclassifier,yes,,,Bowden-1997a
Taba-morphosyntacticplural,Taba,morphosyntacticplural,yes,,,Bowden-1997a
Tagalog-sortalclassifier,Tagalog,sortalclassifier,no,,,Schachter-and-Otanes-1983
Tagalog-morphosyntacticplural,Tagalog,morphosyntacticplural,no,,,Schachter-and-Otanes-1983
Takelma-sortalclassifier,Takelma,sortalclassifier,no,,,Sapir-1922b
Takelma-morphosyntacticplural,Takelma,morphosyntacticplural,no,,,Sapir-1922b
Tatar-sortalclassifier,Tatar,sortalclassifier,yes,,,Poppe-1968
Tatar-morphosyntacticplural,Tatar,morphosyntacticplural,yes,,,Poppe-1968
TatiSouthern-sortalclassifier,TatiSouthern,sortalclassifier,yes,,,Yar-Shater-1969
TatiSouthern-morphosyntacticplural,TatiSouthern,morphosyntacticplural,yes,,,Yar-Shater-1969
Taulil-sortalclassifier,Taulil,sortalclassifier,no,,,Stebbins-2002
Taulil-morphosyntacticplural,Taulil,morphosyntacticplural,no,,,Stebbins-2002
Tawala-sortalclassifier,Tawala,sortalclassifier,no,,,Ezard-1997
Tawala-morphosyntacticplural,Tawala,morphosyntacticplural,no,,,Ezard-1997
Tehit-sortalclassifier,Tehit,sortalclassifier,yes,,,Reesink-1996
Tehit-morphosyntacticplural,Tehit,morphosyntacticplural,yes,,,Reesink-1996
Telefol-sortalclassifier,Telefol,sortalclassifier,no,,,Healey-1965b
Telefol-morphosyntacticplural,Telefol,morphosyntacticplural,no,,,Healey-1965b
Temiar-sortalclassifier,Temiar,sortalclassifier,no,,,Benjamin-1976
Temiar-morphosyntacticplural,Temiar,morphosyntacticplural,no,,,Benjamin-1976
TepehuanSoutheastern-sortalclassifier,TepehuanSoutheastern,sortalclassifier,no,,,Willett-1991
TepehuanSoutheastern-morphosyntacticplural,TepehuanSoutheastern,morphosyntacticplural,no,,,Willett-1991
Terena-sortalclassifier,Terena,sortalclassifier,no,,,Derbyshire-1986
Terena-morphosyntacticplural,Terena,morphosyntacticplural,no,,,Derbyshire-1986
Teribe-sortalclassifier,Teribe,sortalclassifier,yes,,,Quesada-2000
Teribe-morphosyntacticplural,Teribe,morphosyntacticplural,yes,,,Quesada-2000
Tetun-sortalclassifier,Tetun,sortalclassifier,yes,,,van-Klinken-1999
Tetun-morphosyntacticplural,Tetun,morphosyntacticplural,yes,,,van-Klinken-1999
Thai-sortalclassifier,Thai,sortalclassifier,yes,,,Diller-1994
Thai-morphosyntacticplural,Thai,morphosyntacticplural,yes,,,Diller-1994
Thompson-sortalclassifier,Thompson,sortalclassifier,yes,,,Thompson-and-Thompson-1992
Thompson-morphosyntacticplural,Thompson,morphosyntacticplural,yes,,,Thompson-and-Thompson-1992
Tidore-sortalclassifier,Tidore,sortalclassifier,yes,,,van-Staden-2000
Tidore-morphosyntacticplural,Tidore,morphosyntacticplural,yes,,,van-Staden-2000
Timugon-sortalclassifier,Timugon,sortalclassifier,no,,,Omar-1983
Timugon-morphosyntacticplural,Timugon,morphosyntacticplural,no,,,Omar-1983
Tiwi-sortalclassifier,Tiwi,sortalclassifier,no,,,Osborne-1974
Tiwi-morphosyntacticplural,Tiwi,morphosyntacticplural,no,,,Osborne-1974
Tlingit-sortalclassifier,Tlingit,sortalclassifier,no,,,Kinkade-2001
Tlingit-morphosyntacticplural,Tlingit,morphosyntacticplural,no,,,Kinkade-2001
Toba-sortalclassifier,Toba,sortalclassifier,no,,,van-der-Tuuk-1971
Toba-morphosyntacticplural,Toba,morphosyntacticplural,no,,,van-der-Tuuk-1971
Tol-sortalclassifier,Tol,sortalclassifier,no,,,Holt-1999a
Tol-morphosyntacticplural,Tol,morphosyntacticplural,no,,,Holt-1999a
Tolai-sortalclassifier,Tolai,sortalclassifier,no,,,Mosel-1980
Tolai-morphosyntacticplural,Tolai,morphosyntacticplural,no,,,Mosel-1980
Tongan-sortalclassifier,Tongan,sortalclassifier,yes,,,Lynch-1998
Tongan-morphosyntacticplural,Tongan,morphosyntacticplural,yes,,,Lynch-1998
Tonkawa-sortalclassifier,Tonkawa,sortalclassifier,no,,,Hoijer-1946b
Tonkawa-morphosyntacticplural,Tonkawa,morphosyntacticplural,no,,,Hoijer-1946b
Toqabaqita-sortalclassifier,Toqabaqita,sortalclassifier,yes,,,lichtenberk_grammar_1983
Toqabaqita-morphosyntacticplural,Toqabaqita,morphosyntacticplural,yes,,,lichtenberk_grammar_1983
TotonacPapantla-sortalclassifier,TotonacPapantla,sortalclassifier,yes,,,Suarez-1983b
TotonacPapantla-morphosyntacticplural,TotonacPapantla,morphosyntacticplural,yes,,,Suarez-1983b
ToussianWin-sortalclassifier,ToussianWin,sortalclassifier,yes,,,Prost-1964g
ToussianWin-morphosyntacticplural,ToussianWin,morphosyntacticplural,yes,,,Prost-1964g
TsimshianCoast-sortalclassifier,TsimshianCoast,sortalclassifier,no,,,Boas-1911c
TsimshianCoast-morphosyntacticplural,TsimshianCoast,morphosyntacticplural,no,,,Boas-1911c
Tsou-sortalclassifier,Tsou,sortalclassifier,yes,,,Tung-1964
Tsou-morphosyntacticplural,Tsou,morphosyntacticplural,yes,,,Tung-1964
TuaregGhat-sortalclassifier,TuaregGhat,sortalclassifier,no,,,Nehlil-1909
TuaregGhat-morphosyntacticplural,TuaregGhat,morphosyntacticplural,no,,,Nehlil-1909
Tucano-sortalclassifier,Tucano,sortalclassifier,no,,,West-1980
Tucano-morphosyntacticplural,Tucano,morphosyntacticplural,no,,,West-1980
TukangBesi-sortalclassifier,TukangBesi,sortalclassifier,yes,,,Donohue-1999a
TukangBesi-morphosyntacticplural,TukangBesi,morphosyntacticplural,yes,,,Donohue-1999a
Tunen-sortalclassifier,Tunen,sortalclassifier,no,,,Dugast-1971
Tunen-morphosyntacticplural,Tunen,morphosyntacticplural,no,,,Dugast-1971
Tunica-sortalclassifier,Tunica,sortalclassifier,no,,,Haas-1940
Tunica-morphosyntacticplural,Tunica,morphosyntacticplural,no,,,Haas-1940
Turkish-sortalclassifier,Turkish,sortalclassifier,yes,,,Lewis-1967
Turkish-morphosyntacticplural,Turkish,morphosyntacticplural,yes,,,Lewis-1967
Tuvaluan-sortalclassifier,Tuvaluan,sortalclassifier,no,,,Besnier-2000
Tuvaluan-morphosyntacticplural,Tuvaluan,morphosyntacticplural,no,,,Besnier-2000
Tuvan-sortalclassifier,Tuvan,sortalclassifier,no,,,Krueger-1977
Tuvan-morphosyntacticplural,Tuvan,morphosyntacticplural,no,,,Krueger-1977
Tuyuca-sortalclassifier,Tuyuca,sortalclassifier,no,,,Barnes-1990
Tuyuca-morphosyntacticplural,Tuyuca,morphosyntacticplural,no,,,Barnes-1990
Tzeltal-sortalclassifier,Tzeltal,sortalclassifier,yes,,,Suarez-1983b
Tzeltal-morphosyntacticplural,Tzeltal,morphosyntacticplural,yes,,,Suarez-1983b
Ulithian-sortalclassifier,Ulithian,sortalclassifier,yes,,,Lynch-1998
Ulithian-morphosyntacticplural,Ulithian,morphosyntacticplural,yes,,,Lynch-1998
Ungarinjin-sortalclassifier,Ungarinjin,sortalclassifier,no,,,Rumsey-1982
Ungarinjin-morphosyntacticplural,Ungarinjin,morphosyntacticplural,no,,,Rumsey-1982
Ura-sortalclassifier,Ura,sortalclassifier,no,,,Crowley-1998c
Ura-morphosyntacticplural,Ura,morphosyntacticplural,no,,,Crowley-1998c
Uradhi-sortalclassifier,Uradhi,sortalclassifier,no,,,Crowley-1983
Uradhi-morphosyntacticplural,Uradhi,morphosyntacticplural,no,,,Crowley-1983
Vafsi-sortalclassifier,Vafsi,sortalclassifier,yes,,,Stilo-2004
Vafsi-morphosyntacticplural,Vafsi,morphosyntacticplural,yes,,,Stilo-2004
Vietnamese-sortalclassifier,Vietnamese,sortalclassifier,yes,,,Thompson-1965
Vietnamese-morphosyntacticplural,Vietnamese,morphosyntacticplural,yes,,,Thompson-1965
Waigali-sortalclassifier,Waigali,sortalclassifier,no,,,Morgenstierne-1954
Waigali-morphosyntacticplural,Waigali,morphosyntacticplural,no,,,Morgenstierne-1954
Waorani-sortalclassifier,Waorani,sortalclassifier,no,,,Peeke-1994
Waorani-morphosyntacticplural,Waorani,morphosyntacticplural,no,,,Peeke-1994
Wappo-sortalclassifier,Wappo,sortalclassifier,no,,,Radin-1929
Wappo-morphosyntacticplural,Wappo,morphosyntacticplural,no,,,Radin-1929
Warekena-sortalclassifier,Warekena,sortalclassifier,yes,,,Aikhenvald-1998
Warekena-morphosyntacticplural,Warekena,morphosyntacticplural,yes,,,Aikhenvald-1998
Wari-sortalclassifier,Wari,sortalclassifier,no,,,Everett-and-Kern-1997
Wari-morphosyntacticplural,Wari,morphosyntacticplural,no,,,Everett-and-Kern-1997
Warndarang-sortalclassifier,Warndarang,sortalclassifier,no,,,Heath-1980b
Warndarang-morphosyntacticplural,Warndarang,morphosyntacticplural,no,,,Heath-1980b
Washo-sortalclassifier,Washo,sortalclassifier,no,,,Kroeber-1906
Washo-morphosyntacticplural,Washo,morphosyntacticplural,no,,,Kroeber-1906
Waura-sortalclassifier,Waura,sortalclassifier,no,,,Derbyshire-and-Payne-1990
Waura-morphosyntacticplural,Waura,morphosyntacticplural,no,,,Derbyshire-and-Payne-1990
Wembawemba-sortalclassifier,Wembawemba,sortalclassifier,no,,,Hercus-1986b
Wembawemba-morphosyntacticplural,Wembawemba,morphosyntacticplural,no,,,Hercus-1986b
Wintu-sortalclassifier,Wintu,sortalclassifier,no,,,Pitkin-1984
Wintu-morphosyntacticplural,Wintu,morphosyntacticplural,no,,,Pitkin-1984
Worora-sortalclassifier,Worora,sortalclassifier,no,,,Love-2000
Worora-morphosyntacticplural,Worora,morphosyntacticplural,no,,,Love-2000
Xoo-sortalclassifier,Xoo,sortalclassifier,no,,,Traill-1994
Xoo-morphosyntacticplural,Xoo,morphosyntacticplural,no,,,Traill-1994
Yagua-sortalclassifier,Yagua,sortalclassifier,yes,,,Payne-and-Payne-1990
Yagua-morphosyntacticplural,Yagua,morphosyntacticplural,yes,,,Payne-and-Payne-1990
Yami-sortalclassifier,Yami,sortalclassifier,no,,,Yami-1990
Yami-morphosyntacticplural,Yami,morphosyntacticplural,no,,,Yami-1990
Yapese-sortalclassifier,Yapese,sortalclassifier,yes,,,Jensen-et-al-1977a
Yapese-morphosyntacticplural,Yapese,morphosyntacticplural,yes,,,Jensen-et-al-1977a
Yawelmani-sortalclassifier,Yawelmani,sortalclassifier,no,,,Newman-1946
Yawelmani-morphosyntacticplural,Yawelmani,morphosyntacticplural,no,,,Newman-1946
YessanMayo-sortalclassifier,YessanMayo,sortalclassifier,no,,,Foreman-1974
YessanMayo-morphosyntacticplural,YessanMayo,morphosyntacticplural,no,,,Foreman-1974
Yidiny-sortalclassifier,Yidiny,sortalclassifier,no,,,Yidiny-1977
Yidiny-morphosyntacticplural,Yidiny,morphosyntacticplural,no,,,Yidiny-1977
Yimas-sortalclassifier,Yimas,sortalclassifier,no,,,Foley-1991
Yimas-morphosyntacticplural,Yimas,morphosyntacticplural,no,,,Foley-1991
Yingkarta-sortalclassifier,Yingkarta,sortalclassifier,no,,,Dench-1998
Yingkarta-morphosyntacticplural,Yingkarta,morphosyntacticplural,no,,,Dench-1998
Yoruba-sortalclassifier,Yoruba,sortalclassifier,no,,,Welmers-1973
Yoruba-morphosyntacticplural,Yoruba,morphosyntacticplural,no,,,Welmers-1973
Yucatec-sortalclassifier,Yucatec,sortalclassifier,yes,,,Suarez-1983b
Yucatec-morphosyntacticplural,Yucatec,morphosyntacticplural,yes,,,Suarez-1983b
Yuchi-sortalclassifier,Yuchi,sortalclassifier,no,,,Wagner-1934
Yuchi-morphosyntacticplural,Yuchi,morphosyntacticplural,no,,,Wagner-1934
YukaghirKolyma-sortalclassifier,YukaghirKolyma,sortalclassifier,no,,,Maslova-1999
YukaghirKolyma-morphosyntacticplural,YukaghirKolyma,morphosyntacticplural,no,,,Maslova-1999
Yukulta-sortalclassifier,Yukulta,sortalclassifier,no,,,Keen-1983
Yukulta-morphosyntacticplural,Yukulta,morphosyntacticplural,no,,,Keen-1983
Zulu-sortalclassifier,Zulu,sortalclassifier,no,,,Canonici-1995
Zulu-morphosyntacticplural,Zulu,morphosyntacticplural,no,,,Canonici-1995
Zuni-sortalclassifier,Zuni,sortalclassifier,no,,,Newman-1996
Zuni-morphosyntacticplural,Zuni,morphosyntacticplural,no,,,Newman-1996
